{
  "_version": 4,
  "oi_history": {
    "BTCUSDT": [
      {
        "ts": 1782375347,
        "oi": 2019550940.71016
      }
    ],
    "ETHUSDT": [
      {
        "ts": 1782375347,
        "oi": 1120777422.3241997
      }
    ],
    "HYPEUSDT": [
      {
        "ts": 1782375347,
        "oi": 1299549247.6551003
      }
    ],
    "ZECUSDT": [
      {
        "ts": 1782375347,
        "oi": 175729912.5788
      }
    ],
    "NEARUSDT": [
      {
        "ts": 1782375347,
        "oi": 66451002.17328001
      }
    ],
    "ONDOUSDT": [
      {
        "ts": 1782375347,
        "oi": 6667464.423400001
      }
    ],
    "SUIUSDT": [
      {
        "ts": 1782375347,
        "oi": 30546650.051696
      }
    ],
    "PENGUUSDT": [
      {
        "ts": 1782375347,
        "oi": 3436382.63808
      }
    ],
    "BNBUSDT": [
      {
        "ts": 1782375347,
        "oi": 24371676.6007
      }
    ],
    "SOLUSDT": [
      {
        "ts": 1782375347,
        "oi": 350905759.49351996
      }
    ],
    "TRXUSDT": [
      {
        "ts": 1782375347,
        "oi": 15575419.43358
      }
    ],
    "BCHUSDT": [
      {
        "ts": 1782375347,
        "oi": 11233520.22
      }
    ],
    "DOGEUSDT": [
      {
        "ts": 1782375347,
        "oi": 19176339.822864
      }
    ],
    "ADAUSDT": [
      {
        "ts": 1782375347,
        "oi": 26264301.50448
      }
    ],
    "DOTUSDT": [
      {
        "ts": 1782375347,
        "oi": 4584366.25031
      }
    ],
    "TAOUSDT": [
      {
        "ts": 1782375347,
        "oi": 21246643.50852
      }
    ],
    "AVAXUSDT": [
      {
        "ts": 1782375347,
        "oi": 17871680.782639995
      }
    ],
    "LINKUSDT": [
      {
        "ts": 1782375347,
        "oi": 31867615.970119998
      }
    ],
    "AAVEUSDT": [
      {
        "ts": 1782375347,
        "oi": 56847424.54999999
      }
    ],
    "XRPUSDT": [
      {
        "ts": 1782375347,
        "oi": 119514801.62159999
      }
    ],
    "XLMUSDT": [
      {
        "ts": 1782375347,
        "oi": 6864677.230479999
      }
    ],
    "UNIUSDT": [
      {
        "ts": 1782375347,
        "oi": 9557904.784680001
      }
    ],
    "LTCUSDT": [
      {
        "ts": 1782375347,
        "oi": 11136313.484
      }
    ],
    "APTUSDT": [
      {
        "ts": 1782375347,
        "oi": 4278294.71456
      }
    ],
    "PENDLEUSDT": [
      {
        "ts": 1782375347,
        "oi": 5699462.3568
      }
    ]
  },
  "signal_history": [],
  "macro_calendar_cache": {},
  "post_loss_cooldown": {},
  "atr_history": {
    "BTCUSDT": [
      {
        "ts": 1782375347,
        "atr_pct": 0.29031153624633366
      }
    ],
    "ETHUSDT": [
      {
        "ts": 1782375347,
        "atr_pct": 0.35845487376706786
      }
    ],
    "ZECUSDT": [
      {
        "ts": 1782375347,
        "atr_pct": 0.5861509168859534
      }
    ],
    "HYPEUSDT": [
      {
        "ts": 1782375347,
        "atr_pct": 0.6688902046724513
      }
    ],
    "NEARUSDT": [
      {
        "ts": 1782375347,
        "atr_pct": 0.4682446250161348
      }
    ],
    "ONDOUSDT": [
      {
        "ts": 1782375347,
        "atr_pct": 0.6364679908789779
      }
    ],
    "SUIUSDT": [
      {
        "ts": 1782375347,
        "atr_pct": 0.4691678261979389
      }
    ],
    "PENGUUSDT": [
      {
        "ts": 1782375347,
        "atr_pct": 0.4355458525831685
      }
    ],
    "BNBUSDT": [
      {
        "ts": 1782375347,
        "atr_pct": 0.25063777909514423
      }
    ],
    "SOLUSDT": [
      {
        "ts": 1782375347,
        "atr_pct": 0.4310212774612903
      }
    ],
    "TRXUSDT": [
      {
        "ts": 1782375347,
        "atr_pct": 0.12867380562185923
      }
    ],
    "BCHUSDT": [
      {
        "ts": 1782375347,
        "atr_pct": 0.3385580312195729
      }
    ],
    "ADAUSDT": [
      {
        "ts": 1782375347,
        "atr_pct": 0.43952401061431723
      }
    ],
    "DOGEUSDT": [
      {
        "ts": 1782375347,
        "atr_pct": 0.31163042730478835
      }
    ],
    "DOTUSDT": [
      {
        "ts": 1782375347,
        "atr_pct": 0.30679883888641774
      }
    ],
    "TAOUSDT": [
      {
        "ts": 1782375347,
        "atr_pct": 0.43878717295080555
      }
    ],
    "AVAXUSDT": [
      {
        "ts": 1782375347,
        "atr_pct": 0.577800454255195
      }
    ],
    "LINKUSDT": [
      {
        "ts": 1782375347,
        "atr_pct": 0.33422847323085586
      }
    ],
    "AAVEUSDT": [
      {
        "ts": 1782375347,
        "atr_pct": 1.1816330274523243
      }
    ],
    "XRPUSDT": [
      {
        "ts": 1782375347,
        "atr_pct": 0.2979774176468496
      }
    ],
    "XLMUSDT": [
      {
        "ts": 1782375347,
        "atr_pct": 0.39951814423587584
      }
    ],
    "LTCUSDT": [
      {
        "ts": 1782375347,
        "atr_pct": 0.3137140770322547
      }
    ],
    "UNIUSDT": [
      {
        "ts": 1782375347,
        "atr_pct": 0.6193668621639451
      }
    ],
    "APTUSDT": [
      {
        "ts": 1782375347,
        "atr_pct": 0.3957733453870321
      }
    ],
    "PENDLEUSDT": [
      {
        "ts": 1782375347,
        "atr_pct": 0.6104064575394204
      }
    ]
  },
  "funding_history": {
    "ETHUSDT": [
      {
        "ts": 1782375329,
        "rate": 3.5661e-06
      }
    ],
    "BTCUSDT": [
      {
        "ts": 1782375329,
        "rate": -6.9792e-06
      }
    ],
    "HYPEUSDT": [
      {
        "ts": 1782375330,
        "rate": 1.25e-05
      }
    ],
    "ZECUSDT": [
      {
        "ts": 1782375330,
        "rate": 1.25e-05
      }
    ],
    "NEARUSDT": [
      {
        "ts": 1782375331,
        "rate": 1.25e-05
      }
    ],
    "ONDOUSDT": [
      {
        "ts": 1782375332,
        "rate": 1.25e-05
      }
    ],
    "SUIUSDT": [
      {
        "ts": 1782375333,
        "rate": 1.25e-05
      }
    ],
    "PENGUUSDT": [
      {
        "ts": 1782375333,
        "rate": 1.18983e-05
      }
    ],
    "BNBUSDT": [
      {
        "ts": 1782375334,
        "rate": -4.5311e-06
      }
    ],
    "SOLUSDT": [
      {
        "ts": 1782375335,
        "rate": 3.4671e-06
      }
    ],
    "TRXUSDT": [
      {
        "ts": 1782375336,
        "rate": 1.25e-05
      }
    ],
    "BCHUSDT": [
      {
        "ts": 1782375337,
        "rate": 1.25e-05
      }
    ],
    "DOGEUSDT": [
      {
        "ts": 1782375338,
        "rate": 6.8883e-06
      }
    ],
    "ADAUSDT": [
      {
        "ts": 1782375338,
        "rate": -1.1692e-06
      }
    ],
    "DOTUSDT": [
      {
        "ts": 1782375339,
        "rate": 1.25e-05
      }
    ],
    "TAOUSDT": [
      {
        "ts": 1782375340,
        "rate": 1.25e-05
      }
    ],
    "AVAXUSDT": [
      {
        "ts": 1782375341,
        "rate": -4.2497e-06
      }
    ],
    "LINKUSDT": [
      {
        "ts": 1782375342,
        "rate": 1.25e-05
      }
    ],
    "AAVEUSDT": [
      {
        "ts": 1782375342,
        "rate": 4.585e-06
      }
    ],
    "XLMUSDT": [
      {
        "ts": 1782375344,
        "rate": 1.25e-05
      }
    ],
    "XRPUSDT": [
      {
        "ts": 1782375344,
        "rate": 1.25e-05
      }
    ],
    "UNIUSDT": [
      {
        "ts": 1782375345,
        "rate": -8.51e-08
      }
    ],
    "LTCUSDT": [
      {
        "ts": 1782375345,
        "rate": 1.25e-05
      }
    ],
    "APTUSDT": [
      {
        "ts": 1782375347,
        "rate": 2.8421e-06
      }
    ],
    "PENDLEUSDT": [
      {
        "ts": 1782375347,
        "rate": 1.25e-05
      }
    ]
  },
  "signal_cooldowns": {},
  "last_signal_outcome": {},
  "failed_breakouts": {},
  "active_signals": [],
  "resolved_signals": [],
  "spread_history": {},