{
  "_version": 4,
  "oi_history": {
    "BTCUSDT": [
      {
        "ts": 1782066758,
        "oi": 1917572285.9446402
      }
    ],
    "ETHUSDT": [
      {
        "ts": 1782066758,
        "oi": 1400693793.9961996
      }
    ],
    "HYPEUSDT": [
      {
        "ts": 1782066758,
        "oi": 1389879840.6065803
      }
    ],
    "ZECUSDT": [
      {
        "ts": 1782066758,
        "oi": 192360851.4255999
      }
    ],
    "NEARUSDT": [
      {
        "ts": 1782066758,
        "oi": 85068711.45040002
      }
    ],
    "ONDOUSDT": [
      {
        "ts": 1782066758,
        "oi": 9176477.4465
      }
    ],
    "SUIUSDT": [
      {
        "ts": 1782066758,
        "oi": 30805263.69150001
      }
    ],
    "PENGUUSDT": [
      {
        "ts": 1782066758,
        "oi": 3678704.285984
      }
    ],
    "BNBUSDT": [
      {
        "ts": 1782066758,
        "oi": 24312417.152820002
      }
    ],
    "SOLUSDT": [
      {
        "ts": 1782066758,
        "oi": 396610116.57320017
      }
    ],
    "TRXUSDT": [
      {
        "ts": 1782066758,
        "oi": 15473899.266900001
      }
    ],
    "BCHUSDT": [
      {
        "ts": 1782066758,
        "oi": 9176809.45104
      }
    ],
    "DOGEUSDT": [
      {
        "ts": 1782066758,
        "oi": 21854396.13766
      }
    ],
    "ADAUSDT": [
      {
        "ts": 1782066758,
        "oi": 22892598.489
      }
    ],
    "DOTUSDT": [
      {
        "ts": 1782066758,
        "oi": 3954766.76745
      }
    ],
    "TAOUSDT": [
      {
        "ts": 1782066758,
        "oi": 25467783.64344
      }
    ],
    "AVAXUSDT": [
      {
        "ts": 1782066758,
        "oi": 22221057.02652
      }
    ],
    "LINKUSDT": [
      {
        "ts": 1782066758,
        "oi": 32640923.740500003
      }
    ],
    "AAVEUSDT": [
      {
        "ts": 1782066758,
        "oi": 50658844.63443999
      }
    ],
    "XRPUSDT": [
      {
        "ts": 1782066758,
        "oi": 84382729.56560001
      }
    ],
    "XLMUSDT": [
      {
        "ts": 1782066758,
        "oi": 9544413.0768
      }
    ],
    "UNIUSDT": [
      {
        "ts": 1782066758,
        "oi": 11582139.149279999
      }
    ],
    "LTCUSDT": [
      {
        "ts": 1782066758,
        "oi": 21464230.128000002
      }
    ],
    "APTUSDT": [
      {
        "ts": 1782066758,
        "oi": 4778444.851671999
      }
    ],
    "PENDLEUSDT": [
      {
        "ts": 1782066758,
        "oi": 7231460.1603999995
      }
    ]
  },
  "signal_history": [],
  "macro_calendar_cache": {},
  "post_loss_cooldown": {},
  "atr_history": {
    "BTCUSDT": [
      {
        "ts": 1782066758,
        "atr_pct": 0.18102337265052984
      }
    ],
    "ETHUSDT": [
      {
        "ts": 1782066758,
        "atr_pct": 0.20464221840098745
      }
    ],
    "HYPEUSDT": [
      {
        "ts": 1782066758,
        "atr_pct": 0.5488045102306671
      }
    ],
    "ZECUSDT": [
      {
        "ts": 1782066758,
        "atr_pct": 0.5774944065202817
      }
    ],
    "ONDOUSDT": [
      {
        "ts": 1782066758,
        "atr_pct": 0.4431002123459673
      }
    ],
    "NEARUSDT": [
      {
        "ts": 1782066758,
        "atr_pct": 0.7283748226370373
      }
    ],
    "SUIUSDT": [
      {
        "ts": 1782066758,
        "atr_pct": 0.3468932306095582
      }
    ],
    "PENGUUSDT": [
      {
        "ts": 1782066758,
        "atr_pct": 0.4293165730880833
      }
    ],
    "BNBUSDT": [
      {
        "ts": 1782066758,
        "atr_pct": 0.1828788701016276
      }
    ],
    "SOLUSDT": [
      {
        "ts": 1782066758,
        "atr_pct": 0.43011892421424125
      }
    ],
    "TRXUSDT": [
      {
        "ts": 1782066758,
        "atr_pct": 0.07268167362629077
      }
    ],
    "BCHUSDT": [
      {
        "ts": 1782066758,
        "atr_pct": 0.31549627121253043
      }
    ],
    "DOGEUSDT": [
      {
        "ts": 1782066758,
        "atr_pct": 0.2102135199287775
      }
    ],
    "ADAUSDT": [
      {
        "ts": 1782066758,
        "atr_pct": 0.31808978659655307
      }
    ],
    "DOTUSDT": [
      {
        "ts": 1782066758,
        "atr_pct": 0.3105393368857701
      }
    ],
    "TAOUSDT": [
      {
        "ts": 1782066758,
        "atr_pct": 0.5284192153816677
      }
    ],
    "AVAXUSDT": [
      {
        "ts": 1782066758,
        "atr_pct": 0.45070402077905525
      }
    ],
    "LINKUSDT": [
      {
        "ts": 1782066758,
        "atr_pct": 0.27012749500291483
      }
    ],
    "AAVEUSDT": [
      {
        "ts": 1782066758,
        "atr_pct": 0.41112757431590163
      }
    ],
    "XRPUSDT": [
      {
        "ts": 1782066758,
        "atr_pct": 0.23964790510068748
      }
    ],
    "XLMUSDT": [
      {
        "ts": 1782066758,
        "atr_pct": 0.5455661549836949
      }
    ],
    "UNIUSDT": [
      {
        "ts": 1782066758,
        "atr_pct": 0.6201796960392952
      }
    ],
    "LTCUSDT": [
      {
        "ts": 1782066758,
        "atr_pct": 0.336397718512999
      }
    ],
    "APTUSDT": [
      {
        "ts": 1782066758,
        "atr_pct": 0.4288325238122741
      }
    ],
    "PENDLEUSDT": [
      {
        "ts": 1782066758,
        "atr_pct": 0.5569820207507183
      }
    ]
  },
  "funding_history": {
    "BTCUSDT": [
      {
        "ts": 1782066740,
        "rate": -4.4232e-06
      }
    ],
    "ETHUSDT": [
      {
        "ts": 1782066740,
        "rate": -3.3353e-06
      }
    ],
    "HYPEUSDT": [
      {
        "ts": 1782066741,
        "rate": -3.3675e-06
      }
    ],
    "ZECUSDT": [
      {
        "ts": 1782066741,
        "rate": -7.4163e-06
      }
    ],
    "NEARUSDT": [
      {
        "ts": 1782066743,
        "rate": 1.25e-05
      }
    ],
    "ONDOUSDT": [
      {
        "ts": 1782066743,
        "rate": 1.25e-05
      }
    ],
    "SUIUSDT": [
      {
        "ts": 1782066744,
        "rate": -1.36607e-05
      }
    ],
    "PENGUUSDT": [
      {
        "ts": 1782066745,
        "rate": 1.25e-05
      }
    ],
    "BNBUSDT": [
      {
        "ts": 1782066746,
        "rate": 1.25e-05
      }
    ],
    "SOLUSDT": [
      {
        "ts": 1782066746,
        "rate": 1.25e-05
      }
    ],
    "BCHUSDT": [
      {
        "ts": 1782066748,
        "rate": -5.0297e-06
      }
    ],
    "TRXUSDT": [
      {
        "ts": 1782066748,
        "rate": 1.07146e-05
      }
    ],
    "DOGEUSDT": [
      {
        "ts": 1782066749,
        "rate": -5.286e-07
      }
    ],
    "ADAUSDT": [
      {
        "ts": 1782066750,
        "rate": -4.14864e-05
      }
    ],
    "DOTUSDT": [
      {
        "ts": 1782066751,
        "rate": -1.43316e-05
      }
    ],
    "TAOUSDT": [
      {
        "ts": 1782066751,
        "rate": 1.25e-05
      }
    ],
    "AVAXUSDT": [
      {
        "ts": 1782066752,
        "rate": -1.19913e-05
      }
    ],
    "LINKUSDT": [
      {
        "ts": 1782066753,
        "rate": 1.25e-05
      }
    ],
    "AAVEUSDT": [
      {
        "ts": 1782066754,
        "rate": 2.2826e-06
      }
    ],
    "XRPUSDT": [
      {
        "ts": 1782066754,
        "rate": -1.7063e-06
      }
    ],
    "XLMUSDT": [
      {
        "ts": 1782066755,
        "rate": -4.5492e-06
      }
    ],
    "UNIUSDT": [
      {
        "ts": 1782066756,
        "rate": 1.25e-05
      }
    ],
    "LTCUSDT": [
      {
        "ts": 1782066757,
        "rate": 1.25e-05
      }
    ],
    "APTUSDT": [
      {
        "ts": 1782066757,
        "rate": 1.25e-05
      }
    ],
    "PENDLEUSDT": [
      {
        "ts": 1782066758,
        "rate": 1.25e-05
      }
    ]
  },
  "signal_cooldowns": {},
  "last_signal_outcome": {},
  "failed_breakouts": {},
  "active_signals": [],
  "resolved_signals": [],
  "spread_history": {}
}