{
  "_version": 4,
  "oi_history": {
    "BTCUSDT": [
      {
        "ts": 1782288479,
        "oi": 2075249237.7123003
      }
    ],
    "ETHUSDT": [
      {
        "ts": 1782288479,
        "oi": 1280930103.9714003
      }
    ],
    "HYPEUSDT": [
      {
        "ts": 1782288479,
        "oi": 1242810188.5584004
      }
    ],
    "ZECUSDT": [
      {
        "ts": 1782288479,
        "oi": 171385338.54680002
      }
    ],
    "NEARUSDT": [
      {
        "ts": 1782288479,
        "oi": 68898124.90543997
      }
    ],
    "ONDOUSDT": [
      {
        "ts": 1782288479,
        "oi": 6429941.0414
      }
    ],
    "SUIUSDT": [
      {
        "ts": 1782288479,
        "oi": 40198724.738350004
      }
    ],
    "PENGUUSDT": [
      {
        "ts": 1782288479,
        "oi": 3455762.075
      }
    ],
    "BNBUSDT": [
      {
        "ts": 1782288479,
        "oi": 24303563.6864
      }
    ],
    "SOLUSDT": [
      {
        "ts": 1782288479,
        "oi": 359710031.4842398
      }
    ],
    "TRXUSDT": [
      {
        "ts": 1782288479,
        "oi": 16067137.29432
      }
    ],
    "BCHUSDT": [
      {
        "ts": 1782288479,
        "oi": 10171684.1668
      }
    ],
    "DOGEUSDT": [
      {
        "ts": 1782288479,
        "oi": 20631621.354762
      }
    ],
    "ADAUSDT": [
      {
        "ts": 1782288479,
        "oi": 24303614.909399997
      }
    ],
    "DOTUSDT": [
      {
        "ts": 1782288479,
        "oi": 4127857.4883600003
      }
    ],
    "TAOUSDT": [
      {
        "ts": 1782288479,
        "oi": 20979377.78812
      }
    ],
    "AVAXUSDT": [
      {
        "ts": 1782288479,
        "oi": 18916734.365399998
      }
    ],
    "LINKUSDT": [
      {
        "ts": 1782288479,
        "oi": 30221982.8856
      }
    ],
    "AAVEUSDT": [
      {
        "ts": 1782288479,
        "oi": 47367094.142
      }
    ],
    "XRPUSDT": [
      {
        "ts": 1782288479,
        "oi": 123844140.288
      }
    ],
    "XLMUSDT": [
      {
        "ts": 1782288479,
        "oi": 7597932.406880001
      }
    ],
    "UNIUSDT": [
      {
        "ts": 1782288479,
        "oi": 10276953.299999999
      }
    ],
    "LTCUSDT": [
      {
        "ts": 1782288479,
        "oi": 12719080.921680002
      }
    ],
    "APTUSDT": [
      {
        "ts": 1782288479,
        "oi": 4399873.838016
      }
    ],
    "PENDLEUSDT": [
      {
        "ts": 1782288479,
        "oi": 6334505.397
      }
    ]
  },
  "signal_history": [],
  "macro_calendar_cache": {
    "fetched_at": 1782288479,
    "events": []
  },
  "post_loss_cooldown": {},
  "atr_history": {
    "BTCUSDT": [
      {
        "ts": 1782288479,
        "atr_pct": 0.22037338344609944
      }
    ],
    "ETHUSDT": [
      {
        "ts": 1782288479,
        "atr_pct": 0.282577626418779
      }
    ],
    "ZECUSDT": [
      {
        "ts": 1782288479,
        "atr_pct": 0.6067332401696977
      }
    ],
    "HYPEUSDT": [
      {
        "ts": 1782288479,
        "atr_pct": 0.7070214796789152
      }
    ],
    "NEARUSDT": [
      {
        "ts": 1782288479,
        "atr_pct": 0.48304586272318717
      }
    ],
    "ONDOUSDT": [
      {
        "ts": 1782288479,
        "atr_pct": 0.43889552032836043
      }
    ],
    "PENGUUSDT": [
      {
        "ts": 1782288479,
        "atr_pct": 0.3876386347202762
      }
    ],
    "SUIUSDT": [
      {
        "ts": 1782288479,
        "atr_pct": 0.42941414859481286
      }
    ],
    "BNBUSDT": [
      {
        "ts": 1782288479,
        "atr_pct": 0.23107539968742108
      }
    ],
    "SOLUSDT": [
      {
        "ts": 1782288479,
        "atr_pct": 0.37649092196948
      }
    ],
    "TRXUSDT": [
      {
        "ts": 1782288479,
        "atr_pct": 0.07735261832588998
      }
    ],
    "BCHUSDT": [
      {
        "ts": 1782288479,
        "atr_pct": 0.36722425732139563
      }
    ],
    "DOGEUSDT": [
      {
        "ts": 1782288479,
        "atr_pct": 0.27450536463717246
      }
    ],
    "ADAUSDT": [
      {
        "ts": 1782288479,
        "atr_pct": 0.41466707947712556
      }
    ],
    "DOTUSDT": [
      {
        "ts": 1782288479,
        "atr_pct": 0.30740208935576036
      }
    ],
    "TAOUSDT": [
      {
        "ts": 1782288479,
        "atr_pct": 0.5667207750857444
      }
    ],
    "AVAXUSDT": [
      {
        "ts": 1782288479,
        "atr_pct": 0.46393119434843255
      }
    ],
    "LINKUSDT": [
      {
        "ts": 1782288479,
        "atr_pct": 0.3243426765019061
      }
    ],
    "AAVEUSDT": [
      {
        "ts": 1782288479,
        "atr_pct": 0.4301100829844272
      }
    ],
    "XRPUSDT": [
      {
        "ts": 1782288479,
        "atr_pct": 0.25801256135947565
      }
    ],
    "XLMUSDT": [
      {
        "ts": 1782288479,
        "atr_pct": 0.4071123143805801
      }
    ],
    "UNIUSDT": [
      {
        "ts": 1782288479,
        "atr_pct": 0.3544258746050028
      }
    ],
    "LTCUSDT": [
      {
        "ts": 1782288479,
        "atr_pct": 0.2589502163349955
      }
    ],
    "APTUSDT": [
      {
        "ts": 1782288479,
        "atr_pct": 0.4008579711023989
      }
    ],
    "PENDLEUSDT": [
      {
        "ts": 1782288479,
        "atr_pct": 0.39321713645631384
      }
    ]
  },
  "funding_history": {
    "BTCUSDT": [
      {
        "ts": 1782288461,
        "rate": -3.4379e-06
      }
    ],
    "ETHUSDT": [
      {
        "ts": 1782288461,
        "rate": -8.3827e-06
      }
    ],
    "HYPEUSDT": [
      {
        "ts": 1782288462,
        "rate": 1.25e-05
      }
    ],
    "ZECUSDT": [
      {
        "ts": 1782288463,
        "rate": 1.25e-05
      }
    ],
    "NEARUSDT": [
      {
        "ts": 1782288464,
        "rate": 1.25e-05
      }
    ],
    "ONDOUSDT": [
      {
        "ts": 1782288464,
        "rate": 3.0166e-06
      }
    ],
    "SUIUSDT": [
      {
        "ts": 1782288465,
        "rate": 1.25e-05
      }
    ],
    "PENGUUSDT": [
      {
        "ts": 1782288466,
        "rate": -9.2795e-06
      }
    ],
    "BNBUSDT": [
      {
        "ts": 1782288467,
        "rate": 1.25e-05
      }
    ],
    "SOLUSDT": [
      {
        "ts": 1782288467,
        "rate": -2.22642e-05
      }
    ],
    "TRXUSDT": [
      {
        "ts": 1782288469,
        "rate": -1.76753e-05
      }
    ],
    "BCHUSDT": [
      {
        "ts": 1782288469,
        "rate": -3.6511e-06
      }
    ],
    "DOGEUSDT": [
      {
        "ts": 1782288470,
        "rate": -1.958e-07
      }
    ],
    "ADAUSDT": [
      {
        "ts": 1782288470,
        "rate": -4.15821e-05
      }
    ],
    "DOTUSDT": [
      {
        "ts": 1782288472,
        "rate": -2.36694e-05
      }
    ],
    "TAOUSDT": [
      {
        "ts": 1782288472,
        "rate": 1.25e-05
      }
    ],
    "AVAXUSDT": [
      {
        "ts": 1782288473,
        "rate": -2.08259e-05
      }
    ],
    "LINKUSDT": [
      {
        "ts": 1782288473,
        "rate": 1.25e-05
      }
    ],
    "AAVEUSDT": [
      {
        "ts": 1782288475,
        "rate": 1.25e-05
      }
    ],
    "XRPUSDT": [
      {
        "ts": 1782288475,
        "rate": 1.09266e-05
      }
    ],
    "XLMUSDT": [
      {
        "ts": 1782288476,
        "rate": 1.25e-05
      }
    ],
    "UNIUSDT": [
      {
        "ts": 1782288476,
        "rate": 1.25e-05
      }
    ],
    "LTCUSDT": [
      {
        "ts": 1782288478,
        "rate": 1.25e-05
      }
    ],
    "APTUSDT": [
      {
        "ts": 1782288478,
        "rate": 1.25e-05
      }
    ],
    "PENDLEUSDT": [
      {
        "ts": 1782288479,
        "rate": 1.25e-05
      }
    ]
  },
  "signal_cooldowns": {},
  "last_signal_outcome": {},
  "failed_breakouts": {},
  "active_signals": [],
  "resolved_signals": [],
  "spread_history": {},
  "last_summary_ts": 1782288459.713912
}