{
  "_version": 4,
  "oi_history": {
    "BTCUSDT": [
      {
        "ts": 1782461744,
        "oi": 1954944365.31288
      }
    ],
    "ETHUSDT": [
      {
        "ts": 1782461744,
        "oi": 1123017099.1115
      }
    ],
    "HYPEUSDT": [
      {
        "ts": 1782461744,
        "oi": 1299172653.4856398
      }
    ],
    "ZECUSDT": [
      {
        "ts": 1782461744,
        "oi": 175633895.6288
      }
    ],
    "NEARUSDT": [
      {
        "ts": 1782461744,
        "oi": 58362598.30751999
      }
    ],
    "ONDOUSDT": [
      {
        "ts": 1782461744,
        "oi": 6663633.220079999
      }
    ],
    "SUIUSDT": [
      {
        "ts": 1782461744,
        "oi": 31560458.835524
      }
    ],
    "PENGUUSDT": [
      {
        "ts": 1782461744,
        "oi": 3150174.62364
      }
    ],
    "BNBUSDT": [
      {
        "ts": 1782461744,
        "oi": 24591229.380899996
      }
    ],
    "SOLUSDT": [
      {
        "ts": 1782461744,
        "oi": 347072438.67344004
      }
    ],
    "TRXUSDT": [
      {
        "ts": 1782461744,
        "oi": 14576570.845199998
      }
    ],
    "BCHUSDT": [
      {
        "ts": 1782461744,
        "oi": 11199528.92256
      }
    ],
    "DOGEUSDT": [
      {
        "ts": 1782461744,
        "oi": 19671989.681476
      }
    ],
    "ADAUSDT": [
      {
        "ts": 1782461744,
        "oi": 27902644.28132
      }
    ],
    "DOTUSDT": [
      {
        "ts": 1782461744,
        "oi": 4387788.822582
      }
    ],
    "TAOUSDT": [
      {
        "ts": 1782461744,
        "oi": 19734554.70976
      }
    ],
    "AVAXUSDT": [
      {
        "ts": 1782461744,
        "oi": 17609933.672492
      }
    ],
    "LINKUSDT": [
      {
        "ts": 1782461744,
        "oi": 30694117.128560003
      }
    ],
    "AAVEUSDT": [
      {
        "ts": 1782461744,
        "oi": 65476536.39480001
      }
    ],
    "XRPUSDT": [
      {
        "ts": 1782461744,
        "oi": 74026658.5828
      }
    ],
    "XLMUSDT": [
      {
        "ts": 1782461744,
        "oi": 6186976.7564
      }
    ],
    "UNIUSDT": [
      {
        "ts": 1782461744,
        "oi": 9490189.54926
      }
    ],
    "LTCUSDT": [
      {
        "ts": 1782461744,
        "oi": 10913996.23144
      }
    ],
    "APTUSDT": [
      {
        "ts": 1782461744,
        "oi": 4091239.503624
      }
    ],
    "PENDLEUSDT": [
      {
        "ts": 1782461744,
        "oi": 5791858.3296
      }
    ]
  },
  "signal_history": [],
  "macro_calendar_cache": {},
  "post_loss_cooldown": {},
  "atr_history": {
    "ETHUSDT": [
      {
        "ts": 1782461744,
        "atr_pct": 0.5764621589418125
      }
    ],
    "BTCUSDT": [
      {
        "ts": 1782461744,
        "atr_pct": 0.47292227202644876
      }
    ],
    "HYPEUSDT": [
      {
        "ts": 1782461744,
        "atr_pct": 1.0950440756930866
      }
    ],
    "ZECUSDT": [
      {
        "ts": 1782461744,
        "atr_pct": 0.8822918621060151
      }
    ],
    "NEARUSDT": [
      {
        "ts": 1782461744,
        "atr_pct": 0.9265153966550312
      }
    ],
    "ONDOUSDT": [
      {
        "ts": 1782461744,
        "atr_pct": 0.7163783901377873
      }
    ],
    "PENGUUSDT": [
      {
        "ts": 1782461744,
        "atr_pct": 0.7428449348101436
      }
    ],
    "SUIUSDT": [
      {
        "ts": 1782461744,
        "atr_pct": 0.6423984976997751
      }
    ],
    "BNBUSDT": [
      {
        "ts": 1782461744,
        "atr_pct": 0.4271960624679215
      }
    ],
    "SOLUSDT": [
      {
        "ts": 1782461744,
        "atr_pct": 0.7889363982649602
      }
    ],
    "TRXUSDT": [
      {
        "ts": 1782461744,
        "atr_pct": 0.14335070260735056
      }
    ],
    "BCHUSDT": [
      {
        "ts": 1782461744,
        "atr_pct": 0.653546633293586
      }
    ],
    "DOGEUSDT": [
      {
        "ts": 1782461744,
        "atr_pct": 0.5961142704437238
      }
    ],
    "ADAUSDT": [
      {
        "ts": 1782461744,
        "atr_pct": 0.7094654485057006
      }
    ],
    "DOTUSDT": [
      {
        "ts": 1782461744,
        "atr_pct": 0.595084702190116
      }
    ],
    "TAOUSDT": [
      {
        "ts": 1782461744,
        "atr_pct": 0.6844477479143777
      }
    ],
    "AVAXUSDT": [
      {
        "ts": 1782461744,
        "atr_pct": 0.7135372971540828
      }
    ],
    "LINKUSDT": [
      {
        "ts": 1782461744,
        "atr_pct": 0.526776911024732
      }
    ],
    "AAVEUSDT": [
      {
        "ts": 1782461744,
        "atr_pct": 1.285751425312798
      }
    ],
    "XRPUSDT": [
      {
        "ts": 1782461744,
        "atr_pct": 0.5292434656982246
      }
    ],
    "XLMUSDT": [
      {
        "ts": 1782461744,
        "atr_pct": 0.6081920789284708
      }
    ],
    "UNIUSDT": [
      {
        "ts": 1782461744,
        "atr_pct": 0.7161836614389474
      }
    ],
    "LTCUSDT": [
      {
        "ts": 1782461744,
        "atr_pct": 0.46923610287634293
      }
    ],
    "APTUSDT": [
      {
        "ts": 1782461744,
        "atr_pct": 0.6986966917323563
      }
    ],
    "PENDLEUSDT": [
      {
        "ts": 1782461744,
        "atr_pct": 0.652250613262736
      }
    ]
  },
  "funding_history": {
    "BTCUSDT": [
      {
        "ts": 1782461725,
        "rate": -1.60245e-05
      }
    ],
    "ETHUSDT": [
      {
        "ts": 1782461725,
        "rate": -2.3218e-05
      }
    ],
    "ZECUSDT": [
      {
        "ts": 1782461727,
        "rate": 1.25e-05
      }
    ],
    "HYPEUSDT": [
      {
        "ts": 1782461727,
        "rate": 1.25e-05
      }
    ],
    "NEARUSDT": [
      {
        "ts": 1782461728,
        "rate": 1.25e-05
      }
    ],
    "ONDOUSDT": [
      {
        "ts": 1782461729,
        "rate": 1.25e-05
      }
    ],
    "SUIUSDT": [
      {
        "ts": 1782461730,
        "rate": 1.25e-05
      }
    ],
    "PENGUUSDT": [
      {
        "ts": 1782461731,
        "rate": -9.1875e-06
      }
    ],
    "BNBUSDT": [
      {
        "ts": 1782461732,
        "rate": 8.2932e-06
      }
    ],
    "SOLUSDT": [
      {
        "ts": 1782461732,
        "rate": 1.25e-05
      }
    ],
    "TRXUSDT": [
      {
        "ts": 1782461733,
        "rate": -1.14657e-05
      }
    ],
    "BCHUSDT": [
      {
        "ts": 1782461734,
        "rate": 1.25e-05
      }
    ],
    "DOGEUSDT": [
      {
        "ts": 1782461735,
        "rate": 5.6287e-06
      }
    ],
    "ADAUSDT": [
      {
        "ts": 1782461736,
        "rate": -3.02091e-05
      }
    ],
    "DOTUSDT": [
      {
        "ts": 1782461737,
        "rate": -7.9931e-06
      }
    ],
    "TAOUSDT": [
      {
        "ts": 1782461737,
        "rate": 1.25e-05
      }
    ],
    "AVAXUSDT": [
      {
        "ts": 1782461739,
        "rate": 1.25e-05
      }
    ],
    "LINKUSDT": [
      {
        "ts": 1782461739,
        "rate": -3.0607e-06
      }
    ],
    "AAVEUSDT": [
      {
        "ts": 1782461740,
        "rate": 1.25e-05
      }
    ],
    "XRPUSDT": [
      {
        "ts": 1782461740,
        "rate": 2.2248e-06
      }
    ],
    "XLMUSDT": [
      {
        "ts": 1782461741,
        "rate": 1.25e-05
      }
    ],
    "UNIUSDT": [
      {
        "ts": 1782461742,
        "rate": 1.25e-05
      }
    ],
    "APTUSDT": [
      {
        "ts": 1782461743,
        "rate": 1.25e-05
      }
    ],
    "LTCUSDT": [
      {
        "ts": 1782461743,
        "rate": 4.6638e-06
      }
    ],
    "PENDLEUSDT": [
      {
        "ts": 1782461744,
        "rate": 1.25e-05
      }
    ]
  },
  "signal_cooldowns": {},
  "last_signal_outcome": {},
  "failed_breakouts": {},
  "active_signals": [],
  "resolved_signals": [],
  "spread_history": {},