{
  "_version": 4,
  "oi_history": {
    "BTCUSDT": [
      {
        "ts": 1782580589,
        "oi": 2039430627.9375
      }
    ],
    "ETHUSDT": [
      {
        "ts": 1782580589,
        "oi": 1139340243.89156
      }
    ],
    "HYPEUSDT": [
      {
        "ts": 1782580589,
        "oi": 1303532977.7562
      }
    ],
    "ZECUSDT": [
      {
        "ts": 1782580589,
        "oi": 176768673.84440008
      }
    ],
    "NEARUSDT": [
      {
        "ts": 1782580589,
        "oi": 67269989.09578001
      }
    ],
    "ONDOUSDT": [
      {
        "ts": 1782580589,
        "oi": 8087373.46908
      }
    ],
    "SUIUSDT": [
      {
        "ts": 1782580589,
        "oi": 32640422.769863993
      }
    ],
    "PENGUUSDT": [
      {
        "ts": 1782580589,
        "oi": 3638249.1307499995
      }
    ],
    "BNBUSDT": [
      {
        "ts": 1782580589,
        "oi": 25356881.935
      }
    ],
    "SOLUSDT": [
      {
        "ts": 1782580589,
        "oi": 383282818.6188399
      }
    ],
    "TRXUSDT": [
      {
        "ts": 1782580589,
        "oi": 14776042.5945
      }
    ],
    "BCHUSDT": [
      {
        "ts": 1782580589,
        "oi": 10561724.27856
      }
    ],
    "DOGEUSDT": [
      {
        "ts": 1782580589,
        "oi": 19832935.71225
      }
    ],
    "ADAUSDT": [
      {
        "ts": 1782580589,
        "oi": 27827799.937699996
      }
    ],
    "DOTUSDT": [
      {
        "ts": 1782580589,
        "oi": 4471850.222207999
      }
    ],
    "TAOUSDT": [
      {
        "ts": 1782580589,
        "oi": 19233694.44828
      }
    ],
    "AVAXUSDT": [
      {
        "ts": 1782580589,
        "oi": 17039793.44034
      }
    ],
    "LINKUSDT": [
      {
        "ts": 1782580589,
        "oi": 31279643.641000006
      }
    ],
    "AAVEUSDT": [
      {
        "ts": 1782580589,
        "oi": 83872588.5609
      }
    ],
    "XRPUSDT": [
      {
        "ts": 1782580589,
        "oi": 72159599.9592
      }
    ],
    "XLMUSDT": [
      {
        "ts": 1782580589,
        "oi": 6016326.029999999
      }
    ],
    "UNIUSDT": [
      {
        "ts": 1782580589,
        "oi": 11167195.753980001
      }
    ],
    "LTCUSDT": [
      {
        "ts": 1782580589,
        "oi": 11836661.169960001
      }
    ],
    "APTUSDT": [
      {
        "ts": 1782580589,
        "oi": 4029339.1781200003
      }
    ],
    "PENDLEUSDT": [
      {
        "ts": 1782580589,
        "oi": 5866047.0108
      }
    ]
  },
  "signal_history": [],
  "macro_calendar_cache": {
    "fetched_at": 1782580589,
    "events": []
  },
  "post_loss_cooldown": {},
  "atr_history": {
    "BTCUSDT": [
      {
        "ts": 1782580589,
        "atr_pct": 0.23172408222785143
      }
    ],
    "ETHUSDT": [
      {
        "ts": 1782580589,
        "atr_pct": 0.33232889384658754
      }
    ],
    "HYPEUSDT": [
      {
        "ts": 1782580589,
        "atr_pct": 0.6404736474119677
      }
    ],
    "ZECUSDT": [
      {
        "ts": 1782580589,
        "atr_pct": 0.6084912710616709
      }
    ],
    "NEARUSDT": [
      {
        "ts": 1782580589,
        "atr_pct": 0.9131802188024656
      }
    ],
    "ONDOUSDT": [
      {
        "ts": 1782580589,
        "atr_pct": 0.4187626749733231
      }
    ],
    "SUIUSDT": [
      {
        "ts": 1782580589,
        "atr_pct": 0.4612035664790501
      }
    ],
    "BNBUSDT": [
      {
        "ts": 1782580589,
        "atr_pct": 0.1999262151099919
      }
    ],
    "PENGUUSDT": [
      {
        "ts": 1782580589,
        "atr_pct": 0.7514562723308615
      }
    ],
    "SOLUSDT": [
      {
        "ts": 1782580589,
        "atr_pct": 0.41024766810011226
      }
    ],
    "TRXUSDT": [
      {
        "ts": 1782580589,
        "atr_pct": 0.0721801183932208
      }
    ],
    "BCHUSDT": [
      {
        "ts": 1782580589,
        "atr_pct": 0.33037631903737863
      }
    ],
    "DOGEUSDT": [
      {
        "ts": 1782580589,
        "atr_pct": 0.2914169098465711
      }
    ],
    "ADAUSDT": [
      {
        "ts": 1782580589,
        "atr_pct": 0.3867533501284764
      }
    ],
    "DOTUSDT": [
      {
        "ts": 1782580589,
        "atr_pct": 0.37061024288373173
      }
    ],
    "TAOUSDT": [
      {
        "ts": 1782580589,
        "atr_pct": 0.3786839816304895
      }
    ],
    "LINKUSDT": [
      {
        "ts": 1782580589,
        "atr_pct": 0.31933305257001454
      }
    ],
    "AVAXUSDT": [
      {
        "ts": 1782580589,
        "atr_pct": 0.4938947629055978
      }
    ],
    "AAVEUSDT": [
      {
        "ts": 1782580589,
        "atr_pct": 0.9809116596943876
      }
    ],
    "XRPUSDT": [
      {
        "ts": 1782580589,
        "atr_pct": 0.3150036310221651
      }
    ],
    "XLMUSDT": [
      {
        "ts": 1782580589,
        "atr_pct": 0.504642040458275
      }
    ],
    "UNIUSDT": [
      {
        "ts": 1782580589,
        "atr_pct": 0.6089285343778437
      }
    ],
    "LTCUSDT": [
      {
        "ts": 1782580589,
        "atr_pct": 0.35946931906122875
      }
    ],
    "APTUSDT": [
      {
        "ts": 1782580589,
        "atr_pct": 0.4472777456894873
      }
    ],
    "PENDLEUSDT": [
      {
        "ts": 1782580589,
        "atr_pct": 0.6351435926199736
      }
    ]
  },
  "funding_history": {
    "ETHUSDT": [
      {
        "ts": 1782580569,
        "rate": -5.162e-07
      }
    ],
    "BTCUSDT": [
      {
        "ts": 1782580569,
        "rate": 8.1214e-06
      }
    ],
    "HYPEUSDT": [
      {
        "ts": 1782580571,
        "rate": 1.25e-05
      }
    ],
    "ZECUSDT": [
      {
        "ts": 1782580571,
        "rate": 1.25e-05
      }
    ],
    "NEARUSDT": [
      {
        "ts": 1782580572,
        "rate": 1.25e-05
      }
    ],
    "ONDOUSDT": [
      {
        "ts": 1782580573,
        "rate": 1.25e-05
      }
    ],
    "SUIUSDT": [
      {
        "ts": 1782580574,
        "rate": 1.25e-05
      }
    ],
    "PENGUUSDT": [
      {
        "ts": 1782580574,
        "rate": 1.25e-05
      }
    ],
    "BNBUSDT": [
      {
        "ts": 1782580575,
        "rate": 4.6758e-06
      }
    ],
    "SOLUSDT": [
      {
        "ts": 1782580576,
        "rate": 1.25e-05
      }
    ],
    "TRXUSDT": [
      {
        "ts": 1782580577,
        "rate": -2.61102e-05
      }
    ],
    "BCHUSDT": [
      {
        "ts": 1782580578,
        "rate": 3.4702e-06
      }
    ],
    "DOGEUSDT": [
      {
        "ts": 1782580578,
        "rate": 1.559e-06
      }
    ],
    "ADAUSDT": [
      {
        "ts": 1782580579,
        "rate": -4.32167e-05
      }
    ],
    "DOTUSDT": [
      {
        "ts": 1782580581,
        "rate": -2.4032e-06
      }
    ],
    "TAOUSDT": [
      {
        "ts": 1782580581,
        "rate": 1.25e-05
      }
    ],
    "LINKUSDT": [
      {
        "ts": 1782580582,
        "rate": 1.25e-05
      }
    ],
    "AVAXUSDT": [
      {
        "ts": 1782580582,
        "rate": 9.8793e-06
      }
    ],
    "XRPUSDT": [
      {
        "ts": 1782580584,
        "rate": -1.22027e-05
      }
    ],
    "AAVEUSDT": [
      {
        "ts": 1782580584,
        "rate": 1.25e-05
      }
    ],
    "XLMUSDT": [
      {
        "ts": 1782580586,
        "rate": 1.25e-05
      }
    ],
    "UNIUSDT": [
      {
        "ts": 1782580586,
        "rate": 1.25e-05
      }
    ],
    "LTCUSDT": [
      {
        "ts": 1782580587,
        "rate": 9.4831e-06
      }
    ],
    "APTUSDT": [
      {
        "ts": 1782580588,
        "rate": 1.25e-05
      }
    ],
    "PENDLEUSDT": [
      {
        "ts": 1782580589,
        "rate": 1.25e-05
      }
    ]
  },
  "signal_cooldowns": {},
  "last_signal_outcome": {},
  "failed_breakouts": {},
  "active_signals": [],
  "resolved_signals": [],
  "spread_history": {},